471032686624,Pongowthum,17-06-1999,FLRPP3466C,80000,5000,self,ICICI,423802000000,private
420559429031,Rohit,1999-01-04,BHTOC64953,29000,1200,self,SBI,9029856585,private
320559431029,Dhoni,1999-06-13,SYTOC38273,27000,1000,self,SBI,8130585625,private
420555821047,Virat,1999-02-18,TYUO109874,30000,1500,self,HSBC,7017582645,private
459625453645,Vijay,1999-06-14,SJTKC34253,35000,1500,family,INDIAN BANK,7017456745,private
110034568622,Ajith,1999-12-30,HMPIO67182,50000,5000,self,IOB,9627564534,private
110005635647,Ravi,1999-11-17,SHTOC34253,65000,8000,self,Indian Bank,6396453455,public
675647365647,Kumar,1998-10-13,SHTOC34253,70000,8000,self,Indian Bank,6396434565,public
435423876757,Rahul,1998-01-21,DFGYM14759,55000,2000,self,HDFC,6394563835,private
654738376757,Venkatesh,1998-02-23,GHFFM67983,78000,9000,family,ICICI,8130674523,private
656756476757,Abishesk,1999-11-28,PCASD1234Q,27000,10000,family,ICICI,8130234567,public
656456785634,Vijay,1999-09-21,PCQAZ1285Q,30000,12000,family,SBI,6396235677,public
342567345637,Logesh,1998-01-24,PCSDZ1287G,40000,12002,family,SBI,6396235677,public
342567345637,Gokul,1998-11-05,GHFKJ67894,63000,9000,self,KOTAK,9917658327,public
342567345637,Mano,1999-12-03,MKUIO12345,100000,5000,self,central bank,9917452377,public
1234567657,Mathan,1999-02-18,TYUOIO9874,98000,5500,self,HSBC,9917345647,public
123456765765,Santhosh,1998-12-05,GHFFM67983,55000,2000,family,ICICI,7340656756,private
140023455765,Sathish,1999-05-22,SHTOC34253,65000,8000,family,HDFC,9917456756,public
785647376767,Amir,1999-04-23,TYUO109874,26000,1000,self,HSBC,7017653423,private
120034523767,David,1998-07-15,BHMER12436,29500,1100,self,HDFC,7017653423,private
